plate_id,well,clone_id,prep_id,technical_rep,sample_type,assay_id,data_origin,stock_location,raw_slope_per_min,r2,corrected_rate_per_min,flags
DEMO01,B09,PARENT,P01,1,parent,DEMO_LIPA_OPTICAL_V1,synthetic,DEMO_ONLY/boxA/PARENT,0.020311064285714282,0.9999938151438842,0.019297056249999996,
DEMO01,E09,PARENT,P01,2,parent,DEMO_LIPA_OPTICAL_V1,synthetic,DEMO_ONLY/boxA/PARENT,0.020340685714285718,0.9999977793477866,0.019326677678571432,
DEMO01,A02,PARENT,P02,1,parent,DEMO_LIPA_OPTICAL_V1,synthetic,DEMO_ONLY/boxA/PARENT,0.02013584285714286,0.9999822043751747,0.019121834821428575,
DEMO01,H06,PARENT,P02,2,parent,DEMO_LIPA_OPTICAL_V1,synthetic,DEMO_ONLY/boxA/PARENT,0.020286357142857144,0.9999902810680309,0.019272349107142858,
DEMO01,E04,PARENT,P03,1,parent,DEMO_LIPA_OPTICAL_V1,synthetic,DEMO_ONLY/boxA/PARENT,0.02205937857142857,0.9999959239282501,0.021045370535714283,
DEMO01,E11,PARENT,P03,2,parent,DEMO_LIPA_OPTICAL_V1,synthetic,DEMO_ONLY/boxA/PARENT,0.022157685714285714,0.9999903569512999,0.021143677678571428,
DEMO01,B11,PARENT,P04,1,parent,DEMO_LIPA_OPTICAL_V1,synthetic,DEMO_ONLY/boxA/PARENT,0.02112322857142857,0.9999924471023764,0.020109220535714283,
DEMO01,A09,PARENT,P04,2,parent,DEMO_LIPA_OPTICAL_V1,synthetic,DEMO_ONLY/boxA/PARENT,0.020996057142857145,0.9999900432438313,0.01998204910714286,
DEMO01,C12,PARENT,P05,1,parent,DEMO_LIPA_OPTICAL_V1,synthetic,DEMO_ONLY/boxA/PARENT,0.020857414285714283,0.9999955438340021,0.019843406249999997,
DEMO01,B08,PARENT,P05,2,parent,DEMO_LIPA_OPTICAL_V1,synthetic,DEMO_ONLY/boxA/PARENT,0.020771535714285718,0.9999876224086597,0.019757527678571432,
DEMO01,E07,PARENT,P06,1,parent,DEMO_LIPA_OPTICAL_V1,synthetic,DEMO_ONLY/boxA/PARENT,0.020683707142857142,0.9999928390722737,0.019669699107142856,
DEMO01,B07,PARENT,P06,2,parent,DEMO_LIPA_OPTICAL_V1,synthetic,DEMO_ONLY/boxA/PARENT,0.020487635714285718,0.9999909727840084,0.019473627678571432,
DEMO01,G02,PARENT,P07,1,parent,DEMO_LIPA_OPTICAL_V1,synthetic,DEMO_ONLY/boxA/PARENT,0.02142024285714286,0.9999953114861353,0.020406234821428573,
DEMO01,D09,PARENT,P07,2,parent,DEMO_LIPA_OPTICAL_V1,synthetic,DEMO_ONLY/boxA/PARENT,0.02139411428571428,0.9999897759576676,0.020380106249999995,
DEMO01,D06,PARENT,P08,1,parent,DEMO_LIPA_OPTICAL_V1,synthetic,DEMO_ONLY/boxA/PARENT,0.02059367857142857,0.9999939441633929,0.019579670535714282,
DEMO01,E02,PARENT,P08,2,parent,DEMO_LIPA_OPTICAL_V1,synthetic,DEMO_ONLY/boxA/PARENT,0.020509992857142858,0.9999928516504275,0.019495984821428572,
DEMO01,G01,,blank1,1,blank,DEMO_LIPA_OPTICAL_V1,synthetic,,0.001031100000000002,0.9971453640089277,1.7091964285716925e-05,
DEMO01,A03,,blank2,1,blank,DEMO_LIPA_OPTICAL_V1,synthetic,,0.0009974142857142837,0.996299676355963,-1.6593750000001416e-05,
DEMO01,H08,,blank3,1,blank,DEMO_LIPA_OPTICAL_V1,synthetic,,0.0010543928571428549,0.9973390996110639,4.0384821428569775e-05,
DEMO01,A10,,blank4,1,blank,DEMO_LIPA_OPTICAL_V1,synthetic,,0.000984457142857142,0.9971925266258065,-2.9550892857143187e-05,
DEMO01,A12,,blank5,1,blank,DEMO_LIPA_OPTICAL_V1,synthetic,,0.0009626785714285707,0.9977919158392106,-5.132946428571439e-05,
DEMO01,G05,,blank6,1,blank,DEMO_LIPA_OPTICAL_V1,synthetic,,0.0009893071428571426,0.9954345867453833,-2.47008928571425e-05,
DEMO01,D02,,blank7,1,blank,DEMO_LIPA_OPTICAL_V1,synthetic,,0.0010200142857142841,0.9989598844646281,6.0062499999990245e-06,
DEMO01,G06,,blank8,1,blank,DEMO_LIPA_OPTICAL_V1,synthetic,,0.0010727000000000009,0.9959721396575815,5.869196428571577e-05,
DEMO01,E03,,host1,1,host,DEMO_LIPA_OPTICAL_V1,synthetic,,0.0012494857142857144,0.9978726872861214,0.0002354776785714293,
DEMO01,G03,,host2,1,host,DEMO_LIPA_OPTICAL_V1,synthetic,,0.001221000000000001,0.9971614326477442,0.00020699196428571585,
DEMO01,H02,,host3,1,host,DEMO_LIPA_OPTICAL_V1,synthetic,,0.0012131285714285709,0.9965205767482509,0.00019912053571428576,
DEMO01,A05,,host4,1,host,DEMO_LIPA_OPTICAL_V1,synthetic,,0.0011767142857142848,0.9968588859041452,0.00016270624999999974,
DEMO01,G08,,host5,1,host,DEMO_LIPA_OPTICAL_V1,synthetic,,0.0011091571428571442,0.9986780541513919,9.514910714285914e-05,
DEMO01,B04,,host6,1,host,DEMO_LIPA_OPTICAL_V1,synthetic,,0.0012549357142857146,0.9996715940873844,0.00024092767857142945,
DEMO01,F05,,host7,1,host,DEMO_LIPA_OPTICAL_V1,synthetic,,0.0011977785714285727,0.9973725788945137,0.00018377053571428758,
DEMO01,H01,,host8,1,host,DEMO_LIPA_OPTICAL_V1,synthetic,,0.0011651642857142838,0.9965657208530843,0.00015115624999999873,
DEMO01,H07,C01,C01_prep1,1,candidate,DEMO_LIPA_OPTICAL_V1,synthetic,DEMO_ONLY/boxA/C01,0.021545628571428565,0.9999991057424445,0.02053162053571428,
DEMO01,F11,C01,C01_prep1,2,candidate,DEMO_LIPA_OPTICAL_V1,synthetic,DEMO_ONLY/boxA/C01,0.021664485714285715,0.9999941174920113,0.02065047767857143,
DEMO01,A07,C02,C02_prep1,1,candidate,DEMO_LIPA_OPTICAL_V1,synthetic,DEMO_ONLY/boxA/C02,0.01940282857142857,0.9999807950155063,0.018388820535714286,
DEMO01,F08,C02,C02_prep1,2,candidate,DEMO_LIPA_OPTICAL_V1,synthetic,DEMO_ONLY/boxA/C02,0.019264535714285713,0.9999869338254067,0.018250527678571427,
DEMO01,H11,C03,C03_prep1,1,candidate,DEMO_LIPA_OPTICAL_V1,synthetic,DEMO_ONLY/boxA/C03,0.030250128571428576,0.9999948877035095,0.02923612053571429,
DEMO01,B02,C03,C03_prep1,2,candidate,DEMO_LIPA_OPTICAL_V1,synthetic,DEMO_ONLY/boxA/C03,0.02992080714285714,0.9999956149386141,0.028906799107142854,
DEMO01,H04,C04,C04_prep1,1,candidate,DEMO_LIPA_OPTICAL_V1,synthetic,DEMO_ONLY/boxA/C04,0.01807120714285714,0.9999879529979021,0.017057199107142856,
DEMO01,E10,C04,C04_prep1,2,candidate,DEMO_LIPA_OPTICAL_V1,synthetic,DEMO_ONLY/boxA/C04,0.018071492857142858,0.9999937973537679,0.017057484821428572,
DEMO01,H03,C05,C05_prep1,1,candidate,DEMO_LIPA_OPTICAL_V1,synthetic,DEMO_ONLY/boxA/C05,0.01572452857142857,0.9999775934305234,0.014710520535714283,
DEMO01,H12,C05,C05_prep1,2,candidate,DEMO_LIPA_OPTICAL_V1,synthetic,DEMO_ONLY/boxA/C05,0.015605914285714286,0.9999929617448778,0.014591906250000002,
DEMO01,F10,C06,C06_prep1,1,candidate,DEMO_LIPA_OPTICAL_V1,synthetic,DEMO_ONLY/boxA/C06,0.016658435714285717,0.9999905654687867,0.01564442767857143,
DEMO01,A04,C06,C06_prep1,2,candidate,DEMO_LIPA_OPTICAL_V1,synthetic,DEMO_ONLY/boxA/C06,0.01652662142857143,0.9999876871758316,0.015512613392857144,
DEMO01,A06,C07,C07_prep1,1,candidate,DEMO_LIPA_OPTICAL_V1,synthetic,DEMO_ONLY/boxA/C07,0.06679162142857142,0.9765626715584189,0.06577761339285713,nonlinear_or_low_signal
DEMO01,C09,C07,C07_prep1,2,candidate,DEMO_LIPA_OPTICAL_V1,synthetic,DEMO_ONLY/boxA/C07,0.06675695,0.9764388339886987,0.0657429419642857,nonlinear_or_low_signal
DEMO01,G04,C08,C08_prep1,1,candidate,DEMO_LIPA_OPTICAL_V1,synthetic,DEMO_ONLY/boxA/C08,0.017786507142857146,0.9999968492786002,0.01677249910714286,
DEMO01,D04,C08,C08_prep1,2,candidate,DEMO_LIPA_OPTICAL_V1,synthetic,DEMO_ONLY/boxA/C08,0.01809448571428571,0.9999849611099254,0.017080477678571425,
DEMO01,B06,C09,C09_prep1,1,candidate,DEMO_LIPA_OPTICAL_V1,synthetic,DEMO_ONLY/boxA/C09,0.014195078571428574,0.9999877525960353,0.013181070535714288,
DEMO01,F03,C09,C09_prep1,2,candidate,DEMO_LIPA_OPTICAL_V1,synthetic,DEMO_ONLY/boxA/C09,0.014204128571428571,0.9999758014412252,0.013190120535714285,
DEMO01,C01,C10,C10_prep1,1,candidate,DEMO_LIPA_OPTICAL_V1,synthetic,DEMO_ONLY/boxA/C10,0.022099399999999998,0.9999970230583144,0.021085391964285712,
DEMO01,E12,C10,C10_prep1,2,candidate,DEMO_LIPA_OPTICAL_V1,synthetic,DEMO_ONLY/boxA/C10,0.022169078571428573,0.9999959273454828,0.021155070535714287,
DEMO01,H05,C11,C11_prep1,1,candidate,DEMO_LIPA_OPTICAL_V1,synthetic,DEMO_ONLY/boxA/C11,0.027846507142857142,0.9999928763074347,0.026832499107142856,
DEMO01,E05,C11,C11_prep1,2,candidate,DEMO_LIPA_OPTICAL_V1,synthetic,DEMO_ONLY/boxA/C11,0.028181207142857136,0.9999923971118043,0.02716719910714285,
DEMO01,B10,C12,C12_prep1,1,candidate,DEMO_LIPA_OPTICAL_V1,synthetic,DEMO_ONLY/boxA/C12,0.016098778571428572,0.9999736675631592,0.015084770535714286,
DEMO01,D10,C12,C12_prep1,2,candidate,DEMO_LIPA_OPTICAL_V1,synthetic,DEMO_ONLY/boxA/C12,0.016225778571428574,0.9999898484292092,0.015211770535714288,
DEMO01,G10,C13,C13_prep1,1,candidate,DEMO_LIPA_OPTICAL_V1,synthetic,DEMO_ONLY/boxA/C13,0.018375535714285716,0.9999943732829042,0.01736152767857143,
DEMO01,E01,C13,C13_prep1,2,candidate,DEMO_LIPA_OPTICAL_V1,synthetic,DEMO_ONLY/boxA/C13,0.018343907142857146,0.9999939574301793,0.01732989910714286,
DEMO01,E06,C14,C14_prep1,1,candidate,DEMO_LIPA_OPTICAL_V1,synthetic,DEMO_ONLY/boxA/C14,0.018261885714285716,0.9999827548179115,0.01724787767857143,
DEMO01,D07,C14,C14_prep1,2,candidate,DEMO_LIPA_OPTICAL_V1,synthetic,DEMO_ONLY/boxA/C14,0.01812632142857143,0.9999946574890639,0.017112313392857143,
DEMO01,A11,C15,C15_prep1,1,candidate,DEMO_LIPA_OPTICAL_V1,synthetic,DEMO_ONLY/boxA/C15,0.02216593571428571,0.9999959259238377,0.021151927678571426,
DEMO01,F07,C15,C15_prep1,2,candidate,DEMO_LIPA_OPTICAL_V1,synthetic,DEMO_ONLY/boxA/C15,0.022098185714285713,0.9999963448937375,0.021084177678571427,
DEMO01,C02,C16,C16_prep1,1,candidate,DEMO_LIPA_OPTICAL_V1,synthetic,DEMO_ONLY/boxA/C16,0.01883276428571429,0.9999929188155111,0.017818756250000005,
DEMO01,A01,C16,C16_prep1,2,candidate,DEMO_LIPA_OPTICAL_V1,synthetic,DEMO_ONLY/boxA/C16,0.018896564285714287,0.9999858844531991,0.01788255625,
DEMO01,B05,C17,C17_prep1,1,candidate,DEMO_LIPA_OPTICAL_V1,synthetic,DEMO_ONLY/boxA/C17,0.01577677142857143,0.9999895636933867,0.014762763392857144,
DEMO01,G09,C17,C17_prep1,2,candidate,DEMO_LIPA_OPTICAL_V1,synthetic,DEMO_ONLY/boxA/C17,0.015715307142857144,0.9999863494851615,0.014701299107142858,
DEMO01,C08,C18,C18_prep1,1,candidate,DEMO_LIPA_OPTICAL_V1,synthetic,DEMO_ONLY/boxA/C18,0.020044350000000006,0.9999902537639399,0.01903034196428572,
DEMO01,D12,C18,C18_prep1,2,candidate,DEMO_LIPA_OPTICAL_V1,synthetic,DEMO_ONLY/boxA/C18,0.019954942857142857,0.9999904901139584,0.01894093482142857,
DEMO01,C10,C19,C19_prep1,1,candidate,DEMO_LIPA_OPTICAL_V1,synthetic,DEMO_ONLY/boxA/C19,0.020969614285714287,0.9999912634782702,0.01995560625,
DEMO01,C05,C19,C19_prep1,2,candidate,DEMO_LIPA_OPTICAL_V1,synthetic,DEMO_ONLY/boxA/C19,0.0370273,0.9999975801117459,0.03601329196428572,
DEMO01,F01,C20,C20_prep1,1,candidate,DEMO_LIPA_OPTICAL_V1,synthetic,DEMO_ONLY/boxA/C20,0.0221686,0.9999956521928657,0.021154591964285714,
DEMO01,F12,C20,C20_prep1,2,candidate,DEMO_LIPA_OPTICAL_V1,synthetic,DEMO_ONLY/boxA/C20,0.022220285714285717,0.9999968038858332,0.02120627767857143,
DEMO01,C07,C21,C21_prep1,1,candidate,DEMO_LIPA_OPTICAL_V1,synthetic,DEMO_ONLY/boxA/C21,0.01795130714285714,0.9999788614674235,0.016937299107142853,
DEMO01,D03,C21,C21_prep1,2,candidate,DEMO_LIPA_OPTICAL_V1,synthetic,DEMO_ONLY/boxA/C21,0.01797945,0.9999861036914152,0.016965441964285715,
DEMO01,C04,C22,C22_prep1,1,candidate,DEMO_LIPA_OPTICAL_V1,synthetic,DEMO_ONLY/boxA/C22,0.01925656428571429,0.9999879514702988,0.018242556250000003,
DEMO01,H09,C22,C22_prep1,2,candidate,DEMO_LIPA_OPTICAL_V1,synthetic,DEMO_ONLY/boxA/C22,0.019333714285714287,0.9999943243460138,0.01831970625,
DEMO01,F06,C23,C23_prep1,1,candidate,DEMO_LIPA_OPTICAL_V1,synthetic,DEMO_ONLY/boxA/C23,0.030000000000000027,1.0,0.02898599196428574,signal_at_or_above_ceiling
DEMO01,C11,C23,C23_prep1,2,candidate,DEMO_LIPA_OPTICAL_V1,synthetic,DEMO_ONLY/boxA/C23,0.030000000000000027,1.0,0.02898599196428574,signal_at_or_above_ceiling
DEMO01,B12,C24,C24_prep1,1,candidate,DEMO_LIPA_OPTICAL_V1,synthetic,DEMO_ONLY/boxA/C24,0.020840307142857145,0.9999970487647941,0.01982629910714286,
DEMO01,H10,C24,C24_prep1,2,candidate,DEMO_LIPA_OPTICAL_V1,synthetic,DEMO_ONLY/boxA/C24,0.02094035714285714,0.9999863264738622,0.019926349107142853,
DEMO01,C03,C25,C25_prep1,1,candidate,DEMO_LIPA_OPTICAL_V1,synthetic,DEMO_ONLY/boxA/C25,0.02060815,0.9999925345075714,0.019594141964285713,
DEMO01,G11,C25,C25_prep1,2,candidate,DEMO_LIPA_OPTICAL_V1,synthetic,DEMO_ONLY/boxA/C25,0.020634485714285715,0.9999862860722499,0.01962047767857143,
DEMO01,D08,C26,C26_prep1,1,candidate,DEMO_LIPA_OPTICAL_V1,synthetic,DEMO_ONLY/boxA/C26,0.014233228571428572,0.999977716309163,0.013219220535714286,
DEMO01,D01,C26,C26_prep1,2,candidate,DEMO_LIPA_OPTICAL_V1,synthetic,DEMO_ONLY/boxA/C26,0.014307042857142857,0.9999841217896045,0.013293034821428573,
DEMO01,D05,C27,C27_prep1,1,candidate,DEMO_LIPA_OPTICAL_V1,synthetic,DEMO_ONLY/boxA/C27,-0.001968399999999998,0.9985442713505424,-0.0029824080357142833,
DEMO01,C06,C27,C27_prep1,2,candidate,DEMO_LIPA_OPTICAL_V1,synthetic,DEMO_ONLY/boxA/C27,-0.0020364499999999982,0.9994236469735504,-0.0030504580357142833,
DEMO01,B01,C28,C28_prep1,1,candidate,DEMO_LIPA_OPTICAL_V1,synthetic,DEMO_ONLY/boxA/C28,0.022293285714285713,0.999988784849947,0.021279277678571427,
DEMO01,A08,C28,C28_prep1,2,candidate,DEMO_LIPA_OPTICAL_V1,synthetic,DEMO_ONLY/boxA/C28,0.022214257142857147,0.9999939196110782,0.02120024910714286,
DEMO01,F04,C29,C29_prep1,1,candidate,DEMO_LIPA_OPTICAL_V1,synthetic,DEMO_ONLY/boxA/C29,0.021358085714285713,0.9999965169886105,0.020344077678571427,
DEMO01,D11,C29,C29_prep1,2,candidate,DEMO_LIPA_OPTICAL_V1,synthetic,DEMO_ONLY/boxA/C29,0.021624350000000004,0.9999924956344182,0.020610341964285718,
DEMO01,G07,C30,C30_prep1,1,candidate,DEMO_LIPA_OPTICAL_V1,synthetic,DEMO_ONLY/boxA/C30,0.020870528571428574,0.999998853598898,0.019856520535714288,
DEMO01,G12,C30,C30_prep1,2,candidate,DEMO_LIPA_OPTICAL_V1,synthetic,DEMO_ONLY/boxA/C30,0.02093355,0.999992466468128,0.019919541964285713,
DEMO01,F09,C31,C31_prep1,1,candidate,DEMO_LIPA_OPTICAL_V1,synthetic,DEMO_ONLY/boxA/C31,0.01551460714285714,0.9999810117106386,0.014500599107142857,
DEMO01,E08,C31,C31_prep1,2,candidate,DEMO_LIPA_OPTICAL_V1,synthetic,DEMO_ONLY/boxA/C31,0.015598978571428572,0.9999978371607849,0.014584970535714288,
DEMO01,B03,C32,C32_prep1,1,candidate,DEMO_LIPA_OPTICAL_V1,synthetic,DEMO_ONLY/boxA/C32,0.021947142857142856,0.9999906523114976,0.02093313482142857,
DEMO01,F02,C32,C32_prep1,2,candidate,DEMO_LIPA_OPTICAL_V1,synthetic,DEMO_ONLY/boxA/C32,0.021858957142857145,0.999990222016715,0.02084494910714286,
