clone_id,prep_id,enzyme_uM,product_uM_per_min,assay_id,data_origin
PARENT,PARENT_independent_1,0.1,1.0,DEMO_TARGET_SUBSTRATE_CONFIRMATION,synthetic
PARENT,PARENT_independent_2,0.1,1.04,DEMO_TARGET_SUBSTRATE_CONFIRMATION,synthetic
PARENT,PARENT_independent_3,0.1,0.98,DEMO_TARGET_SUBSTRATE_CONFIRMATION,synthetic
C03,C03_independent_1,0.1,1.3,DEMO_TARGET_SUBSTRATE_CONFIRMATION,synthetic
C03,C03_independent_2,0.1,1.33,DEMO_TARGET_SUBSTRATE_CONFIRMATION,synthetic
C03,C03_independent_3,0.1,1.28,DEMO_TARGET_SUBSTRATE_CONFIRMATION,synthetic
C11,C11_independent_1,0.1,1.02,DEMO_TARGET_SUBSTRATE_CONFIRMATION,synthetic
C11,C11_independent_2,0.1,1.0,DEMO_TARGET_SUBSTRATE_CONFIRMATION,synthetic
C11,C11_independent_3,0.1,1.05,DEMO_TARGET_SUBSTRATE_CONFIRMATION,synthetic
