run_id,plate_id,well,time_s,signal,signal_unit,data_origin
DEMO_RUN_01,DEMO01,B09,0,0.0801493,AU,synthetic
DEMO_RUN_01,DEMO01,B09,30,0.0903456,AU,synthetic
DEMO_RUN_01,DEMO01,B09,60,0.1003812,AU,synthetic
DEMO_RUN_01,DEMO01,B09,90,0.1105976,AU,synthetic
DEMO_RUN_01,DEMO01,B09,120,0.1208225,AU,synthetic
DEMO_RUN_01,DEMO01,B09,150,0.1308492,AU,synthetic
DEMO_RUN_01,DEMO01,B09,180,0.1411181,AU,synthetic
DEMO_RUN_01,DEMO01,E09,0,0.0780094,AU,synthetic
DEMO_RUN_01,DEMO01,E09,30,0.0881148,AU,synthetic
DEMO_RUN_01,DEMO01,E09,60,0.0983541,AU,synthetic
DEMO_RUN_01,DEMO01,E09,90,0.1085634,AU,synthetic
DEMO_RUN_01,DEMO01,E09,120,0.1186732,AU,synthetic
DEMO_RUN_01,DEMO01,E09,150,0.1288426,AU,synthetic
DEMO_RUN_01,DEMO01,E09,180,0.1390077,AU,synthetic
DEMO_RUN_01,DEMO01,A02,0,0.0773823,AU,synthetic
DEMO_RUN_01,DEMO01,A02,30,0.0874244,AU,synthetic
DEMO_RUN_01,DEMO01,A02,60,0.0976226,AU,synthetic
DEMO_RUN_01,DEMO01,A02,90,0.1075491,AU,synthetic
DEMO_RUN_01,DEMO01,A02,120,0.1175506,AU,synthetic
DEMO_RUN_01,DEMO01,A02,150,0.1276136,AU,synthetic
DEMO_RUN_01,DEMO01,A02,180,0.1379141,AU,synthetic
DEMO_RUN_01,DEMO01,H06,0,0.0830117,AU,synthetic
DEMO_RUN_01,DEMO01,H06,30,0.0930181,AU,synthetic
DEMO_RUN_01,DEMO01,H06,60,0.1033273,AU,synthetic
DEMO_RUN_01,DEMO01,H06,90,0.1135188,AU,synthetic
DEMO_RUN_01,DEMO01,H06,120,0.123583,AU,synthetic
DEMO_RUN_01,DEMO01,H06,150,0.1336766,AU,synthetic
DEMO_RUN_01,DEMO01,H06,180,0.1438238,AU,synthetic
DEMO_RUN_01,DEMO01,E04,0,0.0827846,AU,synthetic
DEMO_RUN_01,DEMO01,E04,30,0.0938127,AU,synthetic
DEMO_RUN_01,DEMO01,E04,60,0.1048232,AU,synthetic
DEMO_RUN_01,DEMO01,E04,90,0.1157544,AU,synthetic
DEMO_RUN_01,DEMO01,E04,120,0.1268401,AU,synthetic
DEMO_RUN_01,DEMO01,E04,150,0.1379181,AU,synthetic
DEMO_RUN_01,DEMO01,E04,180,0.1489858,AU,synthetic
DEMO_RUN_01,DEMO01,E11,0,0.082142,AU,synthetic
DEMO_RUN_01,DEMO01,E11,30,0.0933719,AU,synthetic
DEMO_RUN_01,DEMO01,E11,60,0.1042547,AU,synthetic
DEMO_RUN_01,DEMO01,E11,90,0.1155333,AU,synthetic
DEMO_RUN_01,DEMO01,E11,120,0.1265313,AU,synthetic
DEMO_RUN_01,DEMO01,E11,150,0.1375814,AU,synthetic
DEMO_RUN_01,DEMO01,E11,180,0.148646,AU,synthetic
DEMO_RUN_01,DEMO01,B11,0,0.0827229,AU,synthetic
DEMO_RUN_01,DEMO01,B11,30,0.0933906,AU,synthetic
DEMO_RUN_01,DEMO01,B11,60,0.103977,AU,synthetic
DEMO_RUN_01,DEMO01,B11,90,0.1144136,AU,synthetic
DEMO_RUN_01,DEMO01,B11,120,0.125124,AU,synthetic
DEMO_RUN_01,DEMO01,B11,150,0.1355929,AU,synthetic
DEMO_RUN_01,DEMO01,B11,180,0.1461141,AU,synthetic
DEMO_RUN_01,DEMO01,A09,0,0.0825516,AU,synthetic
DEMO_RUN_01,DEMO01,A09,30,0.0928513,AU,synthetic
DEMO_RUN_01,DEMO01,A09,60,0.1034865,AU,synthetic
DEMO_RUN_01,DEMO01,A09,90,0.1140177,AU,synthetic
DEMO_RUN_01,DEMO01,A09,120,0.1245148,AU,synthetic
DEMO_RUN_01,DEMO01,A09,150,0.1350209,AU,synthetic
DEMO_RUN_01,DEMO01,A09,180,0.1454107,AU,synthetic
DEMO_RUN_01,DEMO01,C12,0,0.0808841,AU,synthetic
DEMO_RUN_01,DEMO01,C12,30,0.0914238,AU,synthetic
DEMO_RUN_01,DEMO01,C12,60,0.1018173,AU,synthetic
DEMO_RUN_01,DEMO01,C12,90,0.1122048,AU,synthetic
DEMO_RUN_01,DEMO01,C12,120,0.1226377,AU,synthetic
DEMO_RUN_01,DEMO01,C12,150,0.1331461,AU,synthetic
DEMO_RUN_01,DEMO01,C12,180,0.1434637,AU,synthetic
DEMO_RUN_01,DEMO01,B08,0,0.079209,AU,synthetic
DEMO_RUN_01,DEMO01,B08,30,0.0893847,AU,synthetic
DEMO_RUN_01,DEMO01,B08,60,0.0999922,AU,synthetic
DEMO_RUN_01,DEMO01,B08,90,0.1103568,AU,synthetic
DEMO_RUN_01,DEMO01,B08,120,0.1206875,AU,synthetic
DEMO_RUN_01,DEMO01,B08,150,0.1311204,AU,synthetic
DEMO_RUN_01,DEMO01,B08,180,0.1414206,AU,synthetic
DEMO_RUN_01,DEMO01,E07,0,0.0788763,AU,synthetic
DEMO_RUN_01,DEMO01,E07,30,0.0890615,AU,synthetic
DEMO_RUN_01,DEMO01,E07,60,0.0994096,AU,synthetic
DEMO_RUN_01,DEMO01,E07,90,0.1098642,AU,synthetic
DEMO_RUN_01,DEMO01,E07,120,0.1201144,AU,synthetic
DEMO_RUN_01,DEMO01,E07,150,0.1305147,AU,synthetic
DEMO_RUN_01,DEMO01,E07,180,0.1408632,AU,synthetic
DEMO_RUN_01,DEMO01,B07,0,0.0790877,AU,synthetic
DEMO_RUN_01,DEMO01,B07,30,0.0894176,AU,synthetic
DEMO_RUN_01,DEMO01,B07,60,0.0995585,AU,synthetic
DEMO_RUN_01,DEMO01,B07,90,0.1099135,AU,synthetic
DEMO_RUN_01,DEMO01,B07,120,0.1199838,AU,synthetic
DEMO_RUN_01,DEMO01,B07,150,0.1304005,AU,synthetic
DEMO_RUN_01,DEMO01,B07,180,0.1405663,AU,synthetic
DEMO_RUN_01,DEMO01,G02,0,0.0807252,AU,synthetic
DEMO_RUN_01,DEMO01,G02,30,0.0915906,AU,synthetic
DEMO_RUN_01,DEMO01,G02,60,0.1022422,AU,synthetic
DEMO_RUN_01,DEMO01,G02,90,0.1129682,AU,synthetic
DEMO_RUN_01,DEMO01,G02,120,0.1236061,AU,synthetic
DEMO_RUN_01,DEMO01,G02,150,0.1343519,AU,synthetic
DEMO_RUN_01,DEMO01,G02,180,0.1450575,AU,synthetic
DEMO_RUN_01,DEMO01,D09,0,0.0816318,AU,synthetic
DEMO_RUN_01,DEMO01,D09,30,0.0923066,AU,synthetic
DEMO_RUN_01,DEMO01,D09,60,0.1030957,AU,synthetic
DEMO_RUN_01,DEMO01,D09,90,0.1138216,AU,synthetic
DEMO_RUN_01,DEMO01,D09,120,0.1245158,AU,synthetic
DEMO_RUN_01,DEMO01,D09,150,0.1350117,AU,synthetic
DEMO_RUN_01,DEMO01,D09,180,0.1458609,AU,synthetic
DEMO_RUN_01,DEMO01,D06,0,0.0789525,AU,synthetic
DEMO_RUN_01,DEMO01,D06,30,0.0893782,AU,synthetic
DEMO_RUN_01,DEMO01,D06,60,0.0996749,AU,synthetic
DEMO_RUN_01,DEMO01,D06,90,0.109947,AU,synthetic
DEMO_RUN_01,DEMO01,D06,120,0.1201457,AU,synthetic
DEMO_RUN_01,DEMO01,D06,150,0.1305381,AU,synthetic
DEMO_RUN_01,DEMO01,D06,180,0.1407928,AU,synthetic
DEMO_RUN_01,DEMO01,E02,0,0.077038,AU,synthetic
DEMO_RUN_01,DEMO01,E02,30,0.0873368,AU,synthetic
DEMO_RUN_01,DEMO01,E02,60,0.0975123,AU,synthetic
DEMO_RUN_01,DEMO01,E02,90,0.1079379,AU,synthetic
DEMO_RUN_01,DEMO01,E02,120,0.1180694,AU,synthetic
DEMO_RUN_01,DEMO01,E02,150,0.1283749,AU,synthetic
DEMO_RUN_01,DEMO01,E02,180,0.1385402,AU,synthetic
DEMO_RUN_01,DEMO01,G01,0,0.0792116,AU,synthetic
DEMO_RUN_01,DEMO01,G01,30,0.0795939,AU,synthetic
DEMO_RUN_01,DEMO01,G01,60,0.0802281,AU,synthetic
DEMO_RUN_01,DEMO01,G01,90,0.080607,AU,synthetic
DEMO_RUN_01,DEMO01,G01,120,0.0812489,AU,synthetic
DEMO_RUN_01,DEMO01,G01,150,0.0817157,AU,synthetic
DEMO_RUN_01,DEMO01,G01,180,0.0822686,AU,synthetic
DEMO_RUN_01,DEMO01,A03,0,0.0810252,AU,synthetic
DEMO_RUN_01,DEMO01,A03,30,0.0816196,AU,synthetic
DEMO_RUN_01,DEMO01,A03,60,0.0819914,AU,synthetic
DEMO_RUN_01,DEMO01,A03,90,0.0826075,AU,synthetic
DEMO_RUN_01,DEMO01,A03,120,0.0831653,AU,synthetic
DEMO_RUN_01,DEMO01,A03,150,0.0835159,AU,synthetic
DEMO_RUN_01,DEMO01,A03,180,0.0840243,AU,synthetic
DEMO_RUN_01,DEMO01,H08,0,0.0772126,AU,synthetic
DEMO_RUN_01,DEMO01,H08,30,0.0777135,AU,synthetic
DEMO_RUN_01,DEMO01,H08,60,0.078286,AU,synthetic
DEMO_RUN_01,DEMO01,H08,90,0.0789022,AU,synthetic
DEMO_RUN_01,DEMO01,H08,120,0.0793021,AU,synthetic
DEMO_RUN_01,DEMO01,H08,150,0.079926,AU,synthetic
DEMO_RUN_01,DEMO01,H08,180,0.0803194,AU,synthetic
DEMO_RUN_01,DEMO01,A10,0,0.081511,AU,synthetic
DEMO_RUN_01,DEMO01,A10,30,0.0819257,AU,synthetic
DEMO_RUN_01,DEMO01,A10,60,0.082562,AU,synthetic
DEMO_RUN_01,DEMO01,A10,90,0.0830295,AU,synthetic
DEMO_RUN_01,DEMO01,A10,120,0.0834204,AU,synthetic
DEMO_RUN_01,DEMO01,A10,150,0.0840161,AU,synthetic
DEMO_RUN_01,DEMO01,A10,180,0.0844254,AU,synthetic
DEMO_RUN_01,DEMO01,A12,0,0.0810274,AU,synthetic
DEMO_RUN_01,DEMO01,A12,30,0.0816173,AU,synthetic
DEMO_RUN_01,DEMO01,A12,60,0.0820834,AU,synthetic
DEMO_RUN_01,DEMO01,A12,90,0.082557,AU,synthetic
DEMO_RUN_01,DEMO01,A12,120,0.0829987,AU,synthetic
DEMO_RUN_01,DEMO01,A12,150,0.0835562,AU,synthetic
DEMO_RUN_01,DEMO01,A12,180,0.0839222,AU,synthetic
DEMO_RUN_01,DEMO01,G05,0,0.0792506,AU,synthetic
DEMO_RUN_01,DEMO01,G05,30,0.0798384,AU,synthetic
DEMO_RUN_01,DEMO01,G05,60,0.080121,AU,synthetic
DEMO_RUN_01,DEMO01,G05,90,0.0807894,AU,synthetic
DEMO_RUN_01,DEMO01,G05,120,0.0811695,AU,synthetic
DEMO_RUN_01,DEMO01,G05,150,0.0817198,AU,synthetic
DEMO_RUN_01,DEMO01,G05,180,0.0822636,AU,synthetic
DEMO_RUN_01,DEMO01,D02,0,0.0826349,AU,synthetic
DEMO_RUN_01,DEMO01,D02,30,0.0830999,AU,synthetic
DEMO_RUN_01,DEMO01,D02,60,0.0837037,AU,synthetic
DEMO_RUN_01,DEMO01,D02,90,0.0841918,AU,synthetic
DEMO_RUN_01,DEMO01,D02,120,0.0847201,AU,synthetic
DEMO_RUN_01,DEMO01,D02,150,0.0851646,AU,synthetic
DEMO_RUN_01,DEMO01,D02,180,0.0856797,AU,synthetic
DEMO_RUN_01,DEMO01,G06,0,0.0781277,AU,synthetic
DEMO_RUN_01,DEMO01,G06,30,0.0786066,AU,synthetic
DEMO_RUN_01,DEMO01,G06,60,0.0790478,AU,synthetic
DEMO_RUN_01,DEMO01,G06,90,0.0796647,AU,synthetic
DEMO_RUN_01,DEMO01,G06,120,0.080085,AU,synthetic
DEMO_RUN_01,DEMO01,G06,150,0.0807522,AU,synthetic
DEMO_RUN_01,DEMO01,G06,180,0.0813575,AU,synthetic
DEMO_RUN_01,DEMO01,E03,0,0.0818878,AU,synthetic
DEMO_RUN_01,DEMO01,E03,30,0.0824106,AU,synthetic
DEMO_RUN_01,DEMO01,E03,60,0.0831153,AU,synthetic
DEMO_RUN_01,DEMO01,E03,90,0.0837326,AU,synthetic
DEMO_RUN_01,DEMO01,E03,120,0.0844062,AU,synthetic
DEMO_RUN_01,DEMO01,E03,150,0.0848669,AU,synthetic
DEMO_RUN_01,DEMO01,E03,180,0.0856509,AU,synthetic
DEMO_RUN_01,DEMO01,G03,0,0.0777593,AU,synthetic
DEMO_RUN_01,DEMO01,G03,30,0.0784464,AU,synthetic
DEMO_RUN_01,DEMO01,G03,60,0.0789053,AU,synthetic
DEMO_RUN_01,DEMO01,G03,90,0.0795683,AU,synthetic
DEMO_RUN_01,DEMO01,G03,120,0.0801959,AU,synthetic
DEMO_RUN_01,DEMO01,G03,150,0.0807153,AU,synthetic
DEMO_RUN_01,DEMO01,G03,180,0.0815145,AU,synthetic
DEMO_RUN_01,DEMO01,H02,0,0.0799978,AU,synthetic
DEMO_RUN_01,DEMO01,H02,30,0.0806273,AU,synthetic
DEMO_RUN_01,DEMO01,H02,60,0.0813732,AU,synthetic
DEMO_RUN_01,DEMO01,H02,90,0.0819324,AU,synthetic
DEMO_RUN_01,DEMO01,H02,120,0.0825315,AU,synthetic
DEMO_RUN_01,DEMO01,H02,150,0.082968,AU,synthetic
DEMO_RUN_01,DEMO01,H02,180,0.0837125,AU,synthetic
DEMO_RUN_01,DEMO01,A05,0,0.0773129,AU,synthetic
DEMO_RUN_01,DEMO01,A05,30,0.07773,AU,synthetic
DEMO_RUN_01,DEMO01,A05,60,0.0784918,AU,synthetic
DEMO_RUN_01,DEMO01,A05,90,0.078939,AU,synthetic
DEMO_RUN_01,DEMO01,A05,120,0.079661,AU,synthetic
DEMO_RUN_01,DEMO01,A05,150,0.0802206,AU,synthetic
DEMO_RUN_01,DEMO01,A05,180,0.0807541,AU,synthetic
DEMO_RUN_01,DEMO01,G08,0,0.0783654,AU,synthetic
DEMO_RUN_01,DEMO01,G08,30,0.0789501,AU,synthetic
DEMO_RUN_01,DEMO01,G08,60,0.0795135,AU,synthetic
DEMO_RUN_01,DEMO01,G08,90,0.0801302,AU,synthetic
DEMO_RUN_01,DEMO01,G08,120,0.0806645,AU,synthetic
DEMO_RUN_01,DEMO01,G08,150,0.081114,AU,synthetic
DEMO_RUN_01,DEMO01,G08,180,0.0817152,AU,synthetic
DEMO_RUN_01,DEMO01,B04,0,0.0774083,AU,synthetic
DEMO_RUN_01,DEMO01,B04,30,0.0779871,AU,synthetic
DEMO_RUN_01,DEMO01,B04,60,0.0785935,AU,synthetic
DEMO_RUN_01,DEMO01,B04,90,0.0792302,AU,synthetic
DEMO_RUN_01,DEMO01,B04,120,0.0798987,AU,synthetic
DEMO_RUN_01,DEMO01,B04,150,0.0805218,AU,synthetic
DEMO_RUN_01,DEMO01,B04,180,0.0811398,AU,synthetic
DEMO_RUN_01,DEMO01,F05,0,0.0780574,AU,synthetic
DEMO_RUN_01,DEMO01,F05,30,0.0785139,AU,synthetic
DEMO_RUN_01,DEMO01,F05,60,0.0791255,AU,synthetic
DEMO_RUN_01,DEMO01,F05,90,0.0797646,AU,synthetic
DEMO_RUN_01,DEMO01,F05,120,0.0804407,AU,synthetic
DEMO_RUN_01,DEMO01,F05,150,0.0808925,AU,synthetic
DEMO_RUN_01,DEMO01,F05,180,0.0816229,AU,synthetic
DEMO_RUN_01,DEMO01,H01,0,0.0830633,AU,synthetic
DEMO_RUN_01,DEMO01,H01,30,0.0836826,AU,synthetic
DEMO_RUN_01,DEMO01,H01,60,0.0840694,AU,synthetic
DEMO_RUN_01,DEMO01,H01,90,0.084686,AU,synthetic
DEMO_RUN_01,DEMO01,H01,120,0.0853353,AU,synthetic
DEMO_RUN_01,DEMO01,H01,150,0.0859933,AU,synthetic
DEMO_RUN_01,DEMO01,H01,180,0.0865383,AU,synthetic
DEMO_RUN_01,DEMO01,H07,0,0.0811294,AU,synthetic
DEMO_RUN_01,DEMO01,H07,30,0.091906,AU,synthetic
DEMO_RUN_01,DEMO01,H07,60,0.1026449,AU,synthetic
DEMO_RUN_01,DEMO01,H07,90,0.1134915,AU,synthetic
DEMO_RUN_01,DEMO01,H07,120,0.1242161,AU,synthetic
DEMO_RUN_01,DEMO01,H07,150,0.1349858,AU,synthetic
DEMO_RUN_01,DEMO01,H07,180,0.1457654,AU,synthetic
DEMO_RUN_01,DEMO01,F11,0,0.0820406,AU,synthetic
DEMO_RUN_01,DEMO01,F11,30,0.0927946,AU,synthetic
DEMO_RUN_01,DEMO01,F11,60,0.1037914,AU,synthetic
DEMO_RUN_01,DEMO01,F11,90,0.1144807,AU,synthetic
DEMO_RUN_01,DEMO01,F11,120,0.1253924,AU,synthetic
DEMO_RUN_01,DEMO01,F11,150,0.136222,AU,synthetic
DEMO_RUN_01,DEMO01,F11,180,0.1469896,AU,synthetic
DEMO_RUN_01,DEMO01,A07,0,0.0824501,AU,synthetic
DEMO_RUN_01,DEMO01,A07,30,0.0919466,AU,synthetic
DEMO_RUN_01,DEMO01,A07,60,0.1017669,AU,synthetic
DEMO_RUN_01,DEMO01,A07,90,0.1113068,AU,synthetic
DEMO_RUN_01,DEMO01,A07,120,0.1212118,AU,synthetic
DEMO_RUN_01,DEMO01,A07,150,0.1308038,AU,synthetic
DEMO_RUN_01,DEMO01,A07,180,0.1406102,AU,synthetic
DEMO_RUN_01,DEMO01,F08,0,0.0773419,AU,synthetic
DEMO_RUN_01,DEMO01,F08,30,0.0871612,AU,synthetic
DEMO_RUN_01,DEMO01,F08,60,0.0966402,AU,synthetic
DEMO_RUN_01,DEMO01,F08,90,0.1064376,AU,synthetic
DEMO_RUN_01,DEMO01,F08,120,0.1159451,AU,synthetic
DEMO_RUN_01,DEMO01,F08,150,0.1255663,AU,synthetic
DEMO_RUN_01,DEMO01,F08,180,0.1352047,AU,synthetic
DEMO_RUN_01,DEMO01,H11,0,0.0805439,AU,synthetic
DEMO_RUN_01,DEMO01,H11,30,0.0957992,AU,synthetic
DEMO_RUN_01,DEMO01,H11,60,0.1108125,AU,synthetic
DEMO_RUN_01,DEMO01,H11,90,0.1260903,AU,synthetic
DEMO_RUN_01,DEMO01,H11,120,0.1411152,AU,synthetic
DEMO_RUN_01,DEMO01,H11,150,0.1562997,AU,synthetic
DEMO_RUN_01,DEMO01,H11,180,0.1712766,AU,synthetic
DEMO_RUN_01,DEMO01,B02,0,0.0797204,AU,synthetic
DEMO_RUN_01,DEMO01,B02,30,0.0944984,AU,synthetic
DEMO_RUN_01,DEMO01,B02,60,0.1094617,AU,synthetic
DEMO_RUN_01,DEMO01,B02,90,0.1245244,AU,synthetic
DEMO_RUN_01,DEMO01,B02,120,0.1394049,AU,synthetic
DEMO_RUN_01,DEMO01,B02,150,0.1544409,AU,synthetic
DEMO_RUN_01,DEMO01,B02,180,0.1694081,AU,synthetic
DEMO_RUN_01,DEMO01,H04,0,0.0775587,AU,synthetic
DEMO_RUN_01,DEMO01,H04,30,0.0864224,AU,synthetic
DEMO_RUN_01,DEMO01,H04,60,0.0955802,AU,synthetic
DEMO_RUN_01,DEMO01,H04,90,0.1046231,AU,synthetic
DEMO_RUN_01,DEMO01,H04,120,0.113724,AU,synthetic
DEMO_RUN_01,DEMO01,H04,150,0.122706,AU,synthetic
DEMO_RUN_01,DEMO01,H04,180,0.131654,AU,synthetic
DEMO_RUN_01,DEMO01,E10,0,0.0814043,AU,synthetic
DEMO_RUN_01,DEMO01,E10,30,0.0905441,AU,synthetic
DEMO_RUN_01,DEMO01,E10,60,0.0994251,AU,synthetic
DEMO_RUN_01,DEMO01,E10,90,0.1084951,AU,synthetic
DEMO_RUN_01,DEMO01,E10,120,0.1175574,AU,synthetic
DEMO_RUN_01,DEMO01,E10,150,0.1266235,AU,synthetic
DEMO_RUN_01,DEMO01,E10,180,0.1356409,AU,synthetic
DEMO_RUN_01,DEMO01,H03,0,0.0778593,AU,synthetic
DEMO_RUN_01,DEMO01,H03,30,0.0855974,AU,synthetic
DEMO_RUN_01,DEMO01,H03,60,0.0935908,AU,synthetic
DEMO_RUN_01,DEMO01,H03,90,0.1014868,AU,synthetic
DEMO_RUN_01,DEMO01,H03,120,0.1092493,AU,synthetic
DEMO_RUN_01,DEMO01,H03,150,0.1170124,AU,synthetic
DEMO_RUN_01,DEMO01,H03,180,0.1250776,AU,synthetic
DEMO_RUN_01,DEMO01,H12,0,0.0773277,AU,synthetic
DEMO_RUN_01,DEMO01,H12,30,0.0851358,AU,synthetic
DEMO_RUN_01,DEMO01,H12,60,0.0929522,AU,synthetic
DEMO_RUN_01,DEMO01,H12,90,0.100762,AU,synthetic
DEMO_RUN_01,DEMO01,H12,120,0.1084411,AU,synthetic
DEMO_RUN_01,DEMO01,H12,150,0.1163564,AU,synthetic
DEMO_RUN_01,DEMO01,H12,180,0.1241786,AU,synthetic
DEMO_RUN_01,DEMO01,F10,0,0.0793311,AU,synthetic
DEMO_RUN_01,DEMO01,F10,30,0.0877416,AU,synthetic
DEMO_RUN_01,DEMO01,F10,60,0.0960544,AU,synthetic
DEMO_RUN_01,DEMO01,F10,90,0.1043919,AU,synthetic
DEMO_RUN_01,DEMO01,F10,120,0.1127832,AU,synthetic
DEMO_RUN_01,DEMO01,F10,150,0.1209441,AU,synthetic
DEMO_RUN_01,DEMO01,F10,180,0.1293592,AU,synthetic
DEMO_RUN_01,DEMO01,A04,0,0.0819565,AU,synthetic
DEMO_RUN_01,DEMO01,A04,30,0.090081,AU,synthetic
DEMO_RUN_01,DEMO01,A04,60,0.0985108,AU,synthetic
DEMO_RUN_01,DEMO01,A04,90,0.1066404,AU,synthetic
DEMO_RUN_01,DEMO01,A04,120,0.1149637,AU,synthetic
DEMO_RUN_01,DEMO01,A04,150,0.1232819,AU,synthetic
DEMO_RUN_01,DEMO01,A04,180,0.1314625,AU,synthetic
DEMO_RUN_01,DEMO01,A06,0,0.0823431,AU,synthetic
DEMO_RUN_01,DEMO01,A06,30,0.1007077,AU,synthetic
DEMO_RUN_01,DEMO01,A06,60,0.1251638,AU,synthetic
DEMO_RUN_01,DEMO01,A06,90,0.1556443,AU,synthetic
DEMO_RUN_01,DEMO01,A06,120,0.1920377,AU,synthetic
DEMO_RUN_01,DEMO01,A06,150,0.234315,AU,synthetic
DEMO_RUN_01,DEMO01,A06,180,0.2826745,AU,synthetic
DEMO_RUN_01,DEMO01,C09,0,0.0787562,AU,synthetic
DEMO_RUN_01,DEMO01,C09,30,0.097096,AU,synthetic
DEMO_RUN_01,DEMO01,C09,60,0.1216482,AU,synthetic
DEMO_RUN_01,DEMO01,C09,90,0.1519783,AU,synthetic
DEMO_RUN_01,DEMO01,C09,120,0.1882041,AU,synthetic
DEMO_RUN_01,DEMO01,C09,150,0.230709,AU,synthetic
DEMO_RUN_01,DEMO01,C09,180,0.279028,AU,synthetic
DEMO_RUN_01,DEMO01,G04,0,0.0787136,AU,synthetic
DEMO_RUN_01,DEMO01,G04,30,0.08756,AU,synthetic
DEMO_RUN_01,DEMO01,G04,60,0.0964613,AU,synthetic
DEMO_RUN_01,DEMO01,G04,90,0.1054353,AU,synthetic
DEMO_RUN_01,DEMO01,G04,120,0.1142297,AU,synthetic
DEMO_RUN_01,DEMO01,G04,150,0.1231502,AU,synthetic
DEMO_RUN_01,DEMO01,G04,180,0.1320677,AU,synthetic
DEMO_RUN_01,DEMO01,D04,0,0.0828799,AU,synthetic
DEMO_RUN_01,DEMO01,D04,30,0.0917762,AU,synthetic
DEMO_RUN_01,DEMO01,D04,60,0.1008851,AU,synthetic
DEMO_RUN_01,DEMO01,D04,90,0.1099367,AU,synthetic
DEMO_RUN_01,DEMO01,D04,120,0.1189026,AU,synthetic
DEMO_RUN_01,DEMO01,D04,150,0.1281584,AU,synthetic
DEMO_RUN_01,DEMO01,D04,180,0.1370602,AU,synthetic
DEMO_RUN_01,DEMO01,B06,0,0.0790128,AU,synthetic
DEMO_RUN_01,DEMO01,B06,30,0.0861545,AU,synthetic
DEMO_RUN_01,DEMO01,B06,60,0.0933033,AU,synthetic
DEMO_RUN_01,DEMO01,B06,90,0.1003058,AU,synthetic
DEMO_RUN_01,DEMO01,B06,120,0.1074747,AU,synthetic
DEMO_RUN_01,DEMO01,B06,150,0.1146077,AU,synthetic
DEMO_RUN_01,DEMO01,B06,180,0.1215639,AU,synthetic
DEMO_RUN_01,DEMO01,F03,0,0.0825068,AU,synthetic
DEMO_RUN_01,DEMO01,F03,30,0.0895406,AU,synthetic
DEMO_RUN_01,DEMO01,F03,60,0.0965812,AU,synthetic
DEMO_RUN_01,DEMO01,F03,90,0.1037649,AU,synthetic
DEMO_RUN_01,DEMO01,F03,120,0.1107567,AU,synthetic
DEMO_RUN_01,DEMO01,F03,150,0.1178898,AU,synthetic
DEMO_RUN_01,DEMO01,F03,180,0.1251681,AU,synthetic
DEMO_RUN_01,DEMO01,C01,0,0.0783147,AU,synthetic
DEMO_RUN_01,DEMO01,C01,30,0.0893503,AU,synthetic
DEMO_RUN_01,DEMO01,C01,60,0.1004298,AU,synthetic
DEMO_RUN_01,DEMO01,C01,90,0.1114023,AU,synthetic
DEMO_RUN_01,DEMO01,C01,120,0.1224373,AU,synthetic
DEMO_RUN_01,DEMO01,C01,150,0.1335355,AU,synthetic
DEMO_RUN_01,DEMO01,C01,180,0.1446526,AU,synthetic
DEMO_RUN_01,DEMO01,E12,0,0.0784327,AU,synthetic
DEMO_RUN_01,DEMO01,E12,30,0.0893864,AU,synthetic
DEMO_RUN_01,DEMO01,E12,60,0.1006103,AU,synthetic
DEMO_RUN_01,DEMO01,E12,90,0.1116648,AU,synthetic
DEMO_RUN_01,DEMO01,E12,120,0.12271,AU,synthetic
DEMO_RUN_01,DEMO01,E12,150,0.1338433,AU,synthetic
DEMO_RUN_01,DEMO01,E12,180,0.1448839,AU,synthetic
DEMO_RUN_01,DEMO01,H05,0,0.0791938,AU,synthetic
DEMO_RUN_01,DEMO01,H05,30,0.0930709,AU,synthetic
DEMO_RUN_01,DEMO01,H05,60,0.1069785,AU,synthetic
DEMO_RUN_01,DEMO01,H05,90,0.1208689,AU,synthetic
DEMO_RUN_01,DEMO01,H05,120,0.1349773,AU,synthetic
DEMO_RUN_01,DEMO01,H05,150,0.148875,AU,synthetic
DEMO_RUN_01,DEMO01,H05,180,0.1626085,AU,synthetic
DEMO_RUN_01,DEMO01,E05,0,0.0772265,AU,synthetic
DEMO_RUN_01,DEMO01,E05,30,0.0915408,AU,synthetic
DEMO_RUN_01,DEMO01,E05,60,0.1055147,AU,synthetic
DEMO_RUN_01,DEMO01,E05,90,0.1196244,AU,synthetic
DEMO_RUN_01,DEMO01,E05,120,0.1338151,AU,synthetic
DEMO_RUN_01,DEMO01,E05,150,0.1477604,AU,synthetic
DEMO_RUN_01,DEMO01,E05,180,0.1618256,AU,synthetic
DEMO_RUN_01,DEMO01,B10,0,0.0824005,AU,synthetic
DEMO_RUN_01,DEMO01,B10,30,0.090657,AU,synthetic
DEMO_RUN_01,DEMO01,B10,60,0.098492,AU,synthetic
DEMO_RUN_01,DEMO01,B10,90,0.1066089,AU,synthetic
DEMO_RUN_01,DEMO01,B10,120,0.1146844,AU,synthetic
DEMO_RUN_01,DEMO01,B10,150,0.1226011,AU,synthetic
DEMO_RUN_01,DEMO01,B10,180,0.1308346,AU,synthetic
DEMO_RUN_01,DEMO01,D10,0,0.0780011,AU,synthetic
DEMO_RUN_01,DEMO01,D10,30,0.0861692,AU,synthetic
DEMO_RUN_01,DEMO01,D10,60,0.0941254,AU,synthetic
DEMO_RUN_01,DEMO01,D10,90,0.1023985,AU,synthetic
DEMO_RUN_01,DEMO01,D10,120,0.1104933,AU,synthetic
DEMO_RUN_01,DEMO01,D10,150,0.1185793,AU,synthetic
DEMO_RUN_01,DEMO01,D10,180,0.1266587,AU,synthetic
DEMO_RUN_01,DEMO01,G10,0,0.0793643,AU,synthetic
DEMO_RUN_01,DEMO01,G10,30,0.08864,AU,synthetic
DEMO_RUN_01,DEMO01,G10,60,0.0978259,AU,synthetic
DEMO_RUN_01,DEMO01,G10,90,0.1069258,AU,synthetic
DEMO_RUN_01,DEMO01,G10,120,0.1162089,AU,synthetic
DEMO_RUN_01,DEMO01,G10,150,0.1252942,AU,synthetic
DEMO_RUN_01,DEMO01,G10,180,0.134553,AU,synthetic
DEMO_RUN_01,DEMO01,E01,0,0.0778492,AU,synthetic
DEMO_RUN_01,DEMO01,E01,30,0.0871158,AU,synthetic
DEMO_RUN_01,DEMO01,E01,60,0.0962281,AU,synthetic
DEMO_RUN_01,DEMO01,E01,90,0.1053166,AU,synthetic
DEMO_RUN_01,DEMO01,E01,120,0.1145524,AU,synthetic
DEMO_RUN_01,DEMO01,E01,150,0.1237041,AU,synthetic
DEMO_RUN_01,DEMO01,E01,180,0.1329538,AU,synthetic
DEMO_RUN_01,DEMO01,E06,0,0.0769666,AU,synthetic
DEMO_RUN_01,DEMO01,E06,30,0.0860468,AU,synthetic
DEMO_RUN_01,DEMO01,E06,60,0.0953257,AU,synthetic
DEMO_RUN_01,DEMO01,E06,90,0.1043332,AU,synthetic
DEMO_RUN_01,DEMO01,E06,120,0.1134645,AU,synthetic
DEMO_RUN_01,DEMO01,E06,150,0.1227618,AU,synthetic
DEMO_RUN_01,DEMO01,E06,180,0.1316658,AU,synthetic
DEMO_RUN_01,DEMO01,D07,0,0.0803754,AU,synthetic
DEMO_RUN_01,DEMO01,D07,30,0.089468,AU,synthetic
DEMO_RUN_01,DEMO01,D07,60,0.0985803,AU,synthetic
DEMO_RUN_01,DEMO01,D07,90,0.1075942,AU,synthetic
DEMO_RUN_01,DEMO01,D07,120,0.1167075,AU,synthetic
DEMO_RUN_01,DEMO01,D07,150,0.1256429,AU,synthetic
DEMO_RUN_01,DEMO01,D07,180,0.1348059,AU,synthetic
DEMO_RUN_01,DEMO01,A11,0,0.0802631,AU,synthetic
DEMO_RUN_01,DEMO01,A11,30,0.0913767,AU,synthetic
DEMO_RUN_01,DEMO01,A11,60,0.1024431,AU,synthetic
DEMO_RUN_01,DEMO01,A11,90,0.1135497,AU,synthetic
DEMO_RUN_01,DEMO01,A11,120,0.1246058,AU,synthetic
DEMO_RUN_01,DEMO01,A11,150,0.1357873,AU,synthetic
DEMO_RUN_01,DEMO01,A11,180,0.1467095,AU,synthetic
DEMO_RUN_01,DEMO01,F07,0,0.0816905,AU,synthetic
DEMO_RUN_01,DEMO01,F07,30,0.0927451,AU,synthetic
DEMO_RUN_01,DEMO01,F07,60,0.1038363,AU,synthetic
DEMO_RUN_01,DEMO01,F07,90,0.1149459,AU,synthetic
DEMO_RUN_01,DEMO01,F07,120,0.1258501,AU,synthetic
DEMO_RUN_01,DEMO01,F07,150,0.136944,AU,synthetic
DEMO_RUN_01,DEMO01,F07,180,0.1480115,AU,synthetic
DEMO_RUN_01,DEMO01,C02,0,0.0809945,AU,synthetic
DEMO_RUN_01,DEMO01,C02,30,0.0904696,AU,synthetic
DEMO_RUN_01,DEMO01,C02,60,0.0998545,AU,synthetic
DEMO_RUN_01,DEMO01,C02,90,0.1092336,AU,synthetic
DEMO_RUN_01,DEMO01,C02,120,0.118591,AU,synthetic
DEMO_RUN_01,DEMO01,C02,150,0.1280466,AU,synthetic
DEMO_RUN_01,DEMO01,C02,180,0.1375839,AU,synthetic
DEMO_RUN_01,DEMO01,A01,0,0.0771618,AU,synthetic
DEMO_RUN_01,DEMO01,A01,30,0.0864977,AU,synthetic
DEMO_RUN_01,DEMO01,A01,60,0.0961288,AU,synthetic
DEMO_RUN_01,DEMO01,A01,90,0.1054826,AU,synthetic
DEMO_RUN_01,DEMO01,A01,120,0.1148209,AU,synthetic
DEMO_RUN_01,DEMO01,A01,150,0.1244544,AU,synthetic
DEMO_RUN_01,DEMO01,A01,180,0.1338106,AU,synthetic
DEMO_RUN_01,DEMO01,B05,0,0.082573,AU,synthetic
DEMO_RUN_01,DEMO01,B05,30,0.0904619,AU,synthetic
DEMO_RUN_01,DEMO01,B05,60,0.0983109,AU,synthetic
DEMO_RUN_01,DEMO01,B05,90,0.1061663,AU,synthetic
DEMO_RUN_01,DEMO01,B05,120,0.1141175,AU,synthetic
DEMO_RUN_01,DEMO01,B05,150,0.1221045,AU,synthetic
DEMO_RUN_01,DEMO01,B05,180,0.129834,AU,synthetic
DEMO_RUN_01,DEMO01,G09,0,0.0801752,AU,synthetic
DEMO_RUN_01,DEMO01,G09,30,0.088124,AU,synthetic
DEMO_RUN_01,DEMO01,G09,60,0.0959677,AU,synthetic
DEMO_RUN_01,DEMO01,G09,90,0.10374,AU,synthetic
DEMO_RUN_01,DEMO01,G09,120,0.1117711,AU,synthetic
DEMO_RUN_01,DEMO01,G09,150,0.1194794,AU,synthetic
DEMO_RUN_01,DEMO01,G09,180,0.1273419,AU,synthetic
DEMO_RUN_01,DEMO01,C08,0,0.0827182,AU,synthetic
DEMO_RUN_01,DEMO01,C08,30,0.0929001,AU,synthetic
DEMO_RUN_01,DEMO01,C08,60,0.1028267,AU,synthetic
DEMO_RUN_01,DEMO01,C08,90,0.1129027,AU,synthetic
DEMO_RUN_01,DEMO01,C08,120,0.122842,AU,synthetic
DEMO_RUN_01,DEMO01,C08,150,0.1329875,AU,synthetic
DEMO_RUN_01,DEMO01,C08,180,0.1428618,AU,synthetic
DEMO_RUN_01,DEMO01,D12,0,0.0779222,AU,synthetic
DEMO_RUN_01,DEMO01,D12,30,0.0880229,AU,synthetic
DEMO_RUN_01,DEMO01,D12,60,0.0979973,AU,synthetic
DEMO_RUN_01,DEMO01,D12,90,0.1078326,AU,synthetic
DEMO_RUN_01,DEMO01,D12,120,0.1178341,AU,synthetic
DEMO_RUN_01,DEMO01,D12,150,0.1279385,AU,synthetic
DEMO_RUN_01,DEMO01,D12,180,0.1378226,AU,synthetic
DEMO_RUN_01,DEMO01,C10,0,0.0793194,AU,synthetic
DEMO_RUN_01,DEMO01,C10,30,0.0899351,AU,synthetic
DEMO_RUN_01,DEMO01,C10,60,0.1004183,AU,synthetic
DEMO_RUN_01,DEMO01,C10,90,0.1107339,AU,synthetic
DEMO_RUN_01,DEMO01,C10,120,0.1213182,AU,synthetic
DEMO_RUN_01,DEMO01,C10,150,0.1318569,AU,synthetic
DEMO_RUN_01,DEMO01,C10,180,0.1422631,AU,synthetic
DEMO_RUN_01,DEMO01,C05,0,0.0779441,AU,synthetic
DEMO_RUN_01,DEMO01,C05,30,0.0963186,AU,synthetic
DEMO_RUN_01,DEMO01,C05,60,0.1148889,AU,synthetic
DEMO_RUN_01,DEMO01,C05,90,0.1334904,AU,synthetic
DEMO_RUN_01,DEMO01,C05,120,0.1520309,AU,synthetic
DEMO_RUN_01,DEMO01,C05,150,0.1704252,AU,synthetic
DEMO_RUN_01,DEMO01,C05,180,0.1889531,AU,synthetic
DEMO_RUN_01,DEMO01,F01,0,0.0789881,AU,synthetic
DEMO_RUN_01,DEMO01,F01,30,0.0901929,AU,synthetic
DEMO_RUN_01,DEMO01,F01,60,0.1012717,AU,synthetic
DEMO_RUN_01,DEMO01,F01,90,0.1122335,AU,synthetic
DEMO_RUN_01,DEMO01,F01,120,0.1233945,AU,synthetic
DEMO_RUN_01,DEMO01,F01,150,0.134463,AU,synthetic
DEMO_RUN_01,DEMO01,F01,180,0.1455539,AU,synthetic
DEMO_RUN_01,DEMO01,F12,0,0.0811479,AU,synthetic
DEMO_RUN_01,DEMO01,F12,30,0.0922955,AU,synthetic
DEMO_RUN_01,DEMO01,F12,60,0.1033206,AU,synthetic
DEMO_RUN_01,DEMO01,F12,90,0.1144662,AU,synthetic
DEMO_RUN_01,DEMO01,F12,120,0.1255187,AU,synthetic
DEMO_RUN_01,DEMO01,F12,150,0.1367498,AU,synthetic
DEMO_RUN_01,DEMO01,F12,180,0.147807,AU,synthetic
DEMO_RUN_01,DEMO01,C07,0,0.0828695,AU,synthetic
DEMO_RUN_01,DEMO01,C07,30,0.091696,AU,synthetic
DEMO_RUN_01,DEMO01,C07,60,0.1008889,AU,synthetic
DEMO_RUN_01,DEMO01,C07,90,0.1097021,AU,synthetic
DEMO_RUN_01,DEMO01,C07,120,0.1188442,AU,synthetic
DEMO_RUN_01,DEMO01,C07,150,0.1277621,AU,synthetic
DEMO_RUN_01,DEMO01,C07,180,0.1366131,AU,synthetic
DEMO_RUN_01,DEMO01,D03,0,0.0823523,AU,synthetic
DEMO_RUN_01,DEMO01,D03,30,0.0913103,AU,synthetic
DEMO_RUN_01,DEMO01,D03,60,0.1001675,AU,synthetic
DEMO_RUN_01,DEMO01,D03,90,0.1092041,AU,synthetic
DEMO_RUN_01,DEMO01,D03,120,0.1183407,AU,synthetic
DEMO_RUN_01,DEMO01,D03,150,0.1271901,AU,synthetic
DEMO_RUN_01,DEMO01,D03,180,0.1362788,AU,synthetic
DEMO_RUN_01,DEMO01,C04,0,0.0785466,AU,synthetic
DEMO_RUN_01,DEMO01,C04,30,0.0881709,AU,synthetic
DEMO_RUN_01,DEMO01,C04,60,0.0977785,AU,synthetic
DEMO_RUN_01,DEMO01,C04,90,0.1075503,AU,synthetic
DEMO_RUN_01,DEMO01,C04,120,0.117141,AU,synthetic
DEMO_RUN_01,DEMO01,C04,150,0.1265859,AU,synthetic
DEMO_RUN_01,DEMO01,C04,180,0.1363464,AU,synthetic
DEMO_RUN_01,DEMO01,H09,0,0.0776066,AU,synthetic
DEMO_RUN_01,DEMO01,H09,30,0.0872064,AU,synthetic
DEMO_RUN_01,DEMO01,H09,60,0.0969453,AU,synthetic
DEMO_RUN_01,DEMO01,H09,90,0.1066652,AU,synthetic
DEMO_RUN_01,DEMO01,H09,120,0.1162838,AU,synthetic
DEMO_RUN_01,DEMO01,H09,150,0.1258547,AU,synthetic
DEMO_RUN_01,DEMO01,H09,180,0.1356189,AU,synthetic
DEMO_RUN_01,DEMO01,F06,0,1.02,AU,synthetic
DEMO_RUN_01,DEMO01,F06,30,1.035,AU,synthetic
DEMO_RUN_01,DEMO01,F06,60,1.05,AU,synthetic
DEMO_RUN_01,DEMO01,F06,90,1.065,AU,synthetic
DEMO_RUN_01,DEMO01,F06,120,1.08,AU,synthetic
DEMO_RUN_01,DEMO01,F06,150,1.095,AU,synthetic
DEMO_RUN_01,DEMO01,F06,180,1.11,AU,synthetic
DEMO_RUN_01,DEMO01,C11,0,1.02,AU,synthetic
DEMO_RUN_01,DEMO01,C11,30,1.035,AU,synthetic
DEMO_RUN_01,DEMO01,C11,60,1.05,AU,synthetic
DEMO_RUN_01,DEMO01,C11,90,1.065,AU,synthetic
DEMO_RUN_01,DEMO01,C11,120,1.08,AU,synthetic
DEMO_RUN_01,DEMO01,C11,150,1.095,AU,synthetic
DEMO_RUN_01,DEMO01,C11,180,1.11,AU,synthetic
DEMO_RUN_01,DEMO01,B12,0,0.0807306,AU,synthetic
DEMO_RUN_01,DEMO01,B12,30,0.0912079,AU,synthetic
DEMO_RUN_01,DEMO01,B12,60,0.1015164,AU,synthetic
DEMO_RUN_01,DEMO01,B12,90,0.1119508,AU,synthetic
DEMO_RUN_01,DEMO01,B12,120,0.1224288,AU,synthetic
DEMO_RUN_01,DEMO01,B12,150,0.1328594,AU,synthetic
DEMO_RUN_01,DEMO01,B12,180,0.1432469,AU,synthetic
DEMO_RUN_01,DEMO01,H10,0,0.0789065,AU,synthetic
DEMO_RUN_01,DEMO01,H10,30,0.0895635,AU,synthetic
DEMO_RUN_01,DEMO01,H10,60,0.1000592,AU,synthetic
DEMO_RUN_01,DEMO01,H10,90,0.1104382,AU,synthetic
DEMO_RUN_01,DEMO01,H10,120,0.1208241,AU,synthetic
DEMO_RUN_01,DEMO01,H10,150,0.1312925,AU,synthetic
DEMO_RUN_01,DEMO01,H10,180,0.1418872,AU,synthetic
DEMO_RUN_01,DEMO01,C03,0,0.0785057,AU,synthetic
DEMO_RUN_01,DEMO01,C03,30,0.0886802,AU,synthetic
DEMO_RUN_01,DEMO01,C03,60,0.0990571,AU,synthetic
DEMO_RUN_01,DEMO01,C03,90,0.1094622,AU,synthetic
DEMO_RUN_01,DEMO01,C03,120,0.1197417,AU,synthetic
DEMO_RUN_01,DEMO01,C03,150,0.1299515,AU,synthetic
DEMO_RUN_01,DEMO01,C03,180,0.140268,AU,synthetic
DEMO_RUN_01,DEMO01,G11,0,0.0826893,AU,synthetic
DEMO_RUN_01,DEMO01,G11,30,0.0929264,AU,synthetic
DEMO_RUN_01,DEMO01,G11,60,0.1034492,AU,synthetic
DEMO_RUN_01,DEMO01,G11,90,0.1135725,AU,synthetic
DEMO_RUN_01,DEMO01,G11,120,0.1239198,AU,synthetic
DEMO_RUN_01,DEMO01,G11,150,0.1341784,AU,synthetic
DEMO_RUN_01,DEMO01,G11,180,0.1446587,AU,synthetic
DEMO_RUN_01,DEMO01,D08,0,0.0800328,AU,synthetic
DEMO_RUN_01,DEMO01,D08,30,0.0870083,AU,synthetic
DEMO_RUN_01,DEMO01,D08,60,0.0942295,AU,synthetic
DEMO_RUN_01,DEMO01,D08,90,0.1014716,AU,synthetic
DEMO_RUN_01,DEMO01,D08,120,0.1084483,AU,synthetic
DEMO_RUN_01,DEMO01,D08,150,0.1156111,AU,synthetic
DEMO_RUN_01,DEMO01,D08,180,0.1226464,AU,synthetic
DEMO_RUN_01,DEMO01,D01,0,0.081813,AU,synthetic
DEMO_RUN_01,DEMO01,D01,30,0.0890538,AU,synthetic
DEMO_RUN_01,DEMO01,D01,60,0.0962788,AU,synthetic
DEMO_RUN_01,DEMO01,D01,90,0.1034455,AU,synthetic
DEMO_RUN_01,DEMO01,D01,120,0.1105127,AU,synthetic
DEMO_RUN_01,DEMO01,D01,150,0.1176295,AU,synthetic
DEMO_RUN_01,DEMO01,D01,180,0.1247841,AU,synthetic
DEMO_RUN_01,DEMO01,D05,0,0.0790958,AU,synthetic
DEMO_RUN_01,DEMO01,D05,30,0.0782155,AU,synthetic
DEMO_RUN_01,DEMO01,D05,60,0.0772214,AU,synthetic
DEMO_RUN_01,DEMO01,D05,90,0.0760926,AU,synthetic
DEMO_RUN_01,DEMO01,D05,120,0.0750565,AU,synthetic
DEMO_RUN_01,DEMO01,D05,150,0.074237,AU,synthetic
DEMO_RUN_01,DEMO01,D05,180,0.0732839,AU,synthetic
DEMO_RUN_01,DEMO01,C06,0,0.0790659,AU,synthetic
DEMO_RUN_01,DEMO01,C06,30,0.0780825,AU,synthetic
DEMO_RUN_01,DEMO01,C06,60,0.0769463,AU,synthetic
DEMO_RUN_01,DEMO01,C06,90,0.0760552,AU,synthetic
DEMO_RUN_01,DEMO01,C06,120,0.0750682,AU,synthetic
DEMO_RUN_01,DEMO01,C06,150,0.0739416,AU,synthetic
DEMO_RUN_01,DEMO01,C06,180,0.0729491,AU,synthetic
DEMO_RUN_01,DEMO01,B01,0,0.0780791,AU,synthetic
DEMO_RUN_01,DEMO01,B01,30,0.0890737,AU,synthetic
DEMO_RUN_01,DEMO01,B01,60,0.1001726,AU,synthetic
DEMO_RUN_01,DEMO01,B01,90,0.1113,AU,synthetic
DEMO_RUN_01,DEMO01,B01,120,0.1226075,AU,synthetic
DEMO_RUN_01,DEMO01,B01,150,0.1337535,AU,synthetic
DEMO_RUN_01,DEMO01,B01,180,0.1448496,AU,synthetic
DEMO_RUN_01,DEMO01,A08,0,0.0816717,AU,synthetic
DEMO_RUN_01,DEMO01,A08,30,0.0926604,AU,synthetic
DEMO_RUN_01,DEMO01,A08,60,0.1038631,AU,synthetic
DEMO_RUN_01,DEMO01,A08,90,0.1150576,AU,synthetic
DEMO_RUN_01,DEMO01,A08,120,0.1260341,AU,synthetic
DEMO_RUN_01,DEMO01,A08,150,0.1371342,AU,synthetic
DEMO_RUN_01,DEMO01,A08,180,0.1482987,AU,synthetic
DEMO_RUN_01,DEMO01,F04,0,0.0777193,AU,synthetic
DEMO_RUN_01,DEMO01,F04,30,0.0884082,AU,synthetic
DEMO_RUN_01,DEMO01,F04,60,0.0990892,AU,synthetic
DEMO_RUN_01,DEMO01,F04,90,0.1097155,AU,synthetic
DEMO_RUN_01,DEMO01,F04,120,0.1203579,AU,synthetic
DEMO_RUN_01,DEMO01,F04,150,0.1310859,AU,synthetic
DEMO_RUN_01,DEMO01,F04,180,0.141849,AU,synthetic
DEMO_RUN_01,DEMO01,D11,0,0.0790803,AU,synthetic
DEMO_RUN_01,DEMO01,D11,30,0.0900078,AU,synthetic
DEMO_RUN_01,DEMO01,D11,60,0.1008328,AU,synthetic
DEMO_RUN_01,DEMO01,D11,90,0.1114806,AU,synthetic
DEMO_RUN_01,DEMO01,D11,120,0.1224173,AU,synthetic
DEMO_RUN_01,DEMO01,D11,150,0.1332432,AU,synthetic
DEMO_RUN_01,DEMO01,D11,180,0.1439755,AU,synthetic
DEMO_RUN_01,DEMO01,G07,0,0.0800425,AU,synthetic
DEMO_RUN_01,DEMO01,G07,30,0.0904681,AU,synthetic
DEMO_RUN_01,DEMO01,G07,60,0.1009369,AU,synthetic
DEMO_RUN_01,DEMO01,G07,90,0.1113198,AU,synthetic
DEMO_RUN_01,DEMO01,G07,120,0.1218051,AU,synthetic
DEMO_RUN_01,DEMO01,G07,150,0.132249,AU,synthetic
DEMO_RUN_01,DEMO01,G07,180,0.1426283,AU,synthetic
DEMO_RUN_01,DEMO01,G12,0,0.0784345,AU,synthetic
DEMO_RUN_01,DEMO01,G12,30,0.0889314,AU,synthetic
DEMO_RUN_01,DEMO01,G12,60,0.0993848,AU,synthetic
DEMO_RUN_01,DEMO01,G12,90,0.1100116,AU,synthetic
DEMO_RUN_01,DEMO01,G12,120,0.1203414,AU,synthetic
DEMO_RUN_01,DEMO01,G12,150,0.130774,AU,synthetic
DEMO_RUN_01,DEMO01,G12,180,0.1412438,AU,synthetic
DEMO_RUN_01,DEMO01,F09,0,0.0821893,AU,synthetic
DEMO_RUN_01,DEMO01,F09,30,0.0898311,AU,synthetic
DEMO_RUN_01,DEMO01,F09,60,0.0975966,AU,synthetic
DEMO_RUN_01,DEMO01,F09,90,0.1052299,AU,synthetic
DEMO_RUN_01,DEMO01,F09,120,0.1131424,AU,synthetic
DEMO_RUN_01,DEMO01,F09,150,0.120907,AU,synthetic
DEMO_RUN_01,DEMO01,F09,180,0.1286916,AU,synthetic
DEMO_RUN_01,DEMO01,E08,0,0.0815973,AU,synthetic
DEMO_RUN_01,DEMO01,E08,30,0.0894062,AU,synthetic
DEMO_RUN_01,DEMO01,E08,60,0.0971469,AU,synthetic
DEMO_RUN_01,DEMO01,E08,90,0.1049978,AU,synthetic
DEMO_RUN_01,DEMO01,E08,120,0.1127541,AU,synthetic
DEMO_RUN_01,DEMO01,E08,150,0.1205803,AU,synthetic
DEMO_RUN_01,DEMO01,E08,180,0.1284074,AU,synthetic
DEMO_RUN_01,DEMO01,B03,0,0.0781253,AU,synthetic
DEMO_RUN_01,DEMO01,B03,30,0.0891699,AU,synthetic
DEMO_RUN_01,DEMO01,B03,60,0.1000805,AU,synthetic
DEMO_RUN_01,DEMO01,B03,90,0.111194,AU,synthetic
DEMO_RUN_01,DEMO01,B03,120,0.1219695,AU,synthetic
DEMO_RUN_01,DEMO01,B03,150,0.1329565,AU,synthetic
DEMO_RUN_01,DEMO01,B03,180,0.1440579,AU,synthetic
DEMO_RUN_01,DEMO01,F02,0,0.0783139,AU,synthetic
DEMO_RUN_01,DEMO01,F02,30,0.089429,AU,synthetic
DEMO_RUN_01,DEMO01,F02,60,0.1003696,AU,synthetic
DEMO_RUN_01,DEMO01,F02,90,0.1112862,AU,synthetic
DEMO_RUN_01,DEMO01,F02,120,0.1221878,AU,synthetic
DEMO_RUN_01,DEMO01,F02,150,0.1330378,AU,synthetic
DEMO_RUN_01,DEMO01,F02,180,0.1439771,AU,synthetic
